{
    "userData":[
        {
            "id":1,
            "name" :"Suresh Prasad Sahu 1 1",
            "email" :"s@gmail.com",
            "phone":"98823232392",
            "website":"sdfsfdgdfg"
        },
        {
            "id":2,"name":"Anurag Kumar 1 4","email":"s@gmail.com","phone":"98823232392","website":"sdfsfdgdfg"
        },
        {
            "id":3,"name":"Dhirendra Kumar Sahu 30 4","email":"s@gmail.com","phone":"98823232392","website":"sdfsfdgdfg"
        }
        ]
}
